Language,Title,Short description,Full description
en-US,Somobay Somiti,"Manage your Somiti savings, DPS, loans, and passbook transactions with ease.","Somobay Somiti is a comprehensive digital management app designed for members of savings societies, co-operatives, and samities. 

Access all your financial information securely in one place, stay up-to-date with your balances, and monitor your transactions transparently.

Key Features:
• Savings & DPS Tracking: Monitor your regular savings, recurring deposits, and active DPS accounts with full clarity.
• Loan Management: View active loans, upcoming installment dates, repayment schedules, and outstanding balances.
• Digital Passbook: Access your detailed digital passbook with complete transaction history and statement records.
• Instant Statements: Download or view your account statements anytime with real-time updates from your somiti.
• Safe & Secure: Protected access to ensure your financial data and personal details remain private and secure.

Simplify your cooperative society experience with Somobay Somiti today!"
bn-BD,সমবায় সমিতি,"সমিতির সঞ্চয়, ডিপিএস, ঋণ ও ডিজিটাল পাসবুক সহজে পরিচালনা করুন।","সমবায় সমিতি অ্যাপটি সমবায় ও সঞ্চয় সমিতির সদস্যদের জন্য একটি নির্ভরযোগ্য এবং ডিজিটাল সমাধান। 

আপনার সমস্ত আর্থিক তথ্য, সঞ্চয়, ঋণ এবং লেনদেনের হিসাব এখন হাতের মুঠোয় সহজে ও নিরাপদে দেখতে পাবেন।

মূল বৈশিষ্ট্যসমূহ:
• সঞ্চয় ও ডিপিএস হিসাব: আপনার সাধারণ সঞ্চয় এবং চলমান ডিপিএস অ্যাকাউন্টের সম্পূর্ণ ব্যালেন্স ও হিস্ট্রি দেখুন।
• ঋণের কিস্তি ও বিবরণ: একটিভ ঋণের পরিমাণ, পরবর্তী কিস্তির তারিখ এবং পরিশোধের তালিকা সহজে পর্যবেক্ষণ করুন।
• ডিজিটাল পাসবুক: আপনার সব ধরণের জমা ও উত্তোলনের বিস্তারিত ডিজিটাল পাসবুক স্টেটমেন্ট।
• তাৎক্ষণিক আপডেট: সমিতির যেকোনো লেনদেনের রিয়েল-টাইম হিসাব ও তথ্য।
• সুরক্ষিত ও নির্ভরযোগ্য: আপনার অ্যাকাউন্টের নিরাপত্তা নিশ্চিত করতে আধুনিক সুরক্ষা ব্যবস্থা।

আপনার সমবায় সমিতির হিসাব পরিচালনাকে আরও সহজ ও স্বচ্ছ করতে আজই ব্যবহার করুন সমবায় সমিতি অ্যাপ!"
